path	@id	schema
/id	@id	/github/workspace/build/annotated/generic-profile/geometry-buffer/schema.yaml
/type	@type	/github/workspace/build/annotated/generic-profile/geometry-buffer/schema.yaml
/prefLabel	http://www.w3.org/2004/02/skos/core#prefLabel	/github/workspace/build/annotated/generic-profile/geometry-buffer/schema.yaml
/definition	http://www.w3.org/2004/02/skos/core#definition	https://gfenoy.github.io/bblocks-generic-profiles/build/annotated/generic-profile/schema.yaml
/inScheme	http://www.w3.org/2004/02/skos/core#inScheme	https://gfenoy.github.io/bblocks-generic-profiles/build/annotated/generic-profile/schema.yaml
/status	https://geolabs.github.io/bblocks-generic-profiles/def/status	https://gfenoy.github.io/bblocks-generic-profiles/build/annotated/generic-profile/schema.yaml
/broader	http://www.w3.org/2004/02/skos/core#broader	https://gfenoy.github.io/bblocks-generic-profiles/build/annotated/generic-profile/schema.yaml
/keywords	https://w3id.org/ogc/api/processes/keywords	https://gfenoy.github.io/bblocks-generic-profiles/build/annotated/generic-profile/schema.yaml
/source	http://purl.org/dc/terms/source	https://gfenoy.github.io/bblocks-generic-profiles/build/annotated/generic-profile/schema.yaml
/source/title	http://purl.org/dc/terms/title	https://gfenoy.github.io/bblocks-generic-profiles/build/annotated/generic-profile/schema.yaml
/source/link	http://purl.org/dc/terms/references	https://gfenoy.github.io/bblocks-generic-profiles/build/annotated/generic-profile/schema.yaml
/source/clause	https://geolabs.github.io/bblocks-generic-profiles/def/clause	https://gfenoy.github.io/bblocks-generic-profiles/build/annotated/generic-profile/schema.yaml
/inputs	https://geolabs.github.io/bblocks-generic-profiles/def/inputs	https://gfenoy.github.io/bblocks-generic-profiles/build/annotated/generic-profile/schema.yaml
/inputs/title	http://purl.org/dc/terms/title	https://gfenoy.github.io/bblocks-generic-profiles/build/annotated/generic-profile/schema.yaml
/inputs/description	http://purl.org/dc/terms/description	https://gfenoy.github.io/bblocks-generic-profiles/build/annotated/generic-profile/schema.yaml
/inputs/keywords	https://w3id.org/ogc/api/processes/keywords	https://gfenoy.github.io/bblocks-generic-profiles/build/annotated/generic-profile/schema.yaml
/inputs/metadata	https://w3id.org/ogc/api/processes/metadata	https://gfenoy.github.io/bblocks-generic-profiles/build/annotated/generic-profile/schema.yaml
/inputs/metadata/href		https://geolabs.github.io/bblocks-ogcapi-processes/build/annotated/api/processes/v1/schemas/metadata/schema.yaml
/inputs/metadata/role	https://w3id.org/ogc/api/processes/role	https://gfenoy.github.io/bblocks-generic-profiles/build/annotated/generic-profile/schema.yaml
/inputs/metadata/title		https://geolabs.github.io/bblocks-ogcapi-processes/build/annotated/api/processes/v1/schemas/metadata/schema.yaml
/inputs/minOccurs	https://w3id.org/ogc/api/processes/minOccurs	https://gfenoy.github.io/bblocks-generic-profiles/build/annotated/generic-profile/schema.yaml
/inputs/maxOccurs	https://w3id.org/ogc/api/processes/maxOccurs	https://gfenoy.github.io/bblocks-generic-profiles/build/annotated/generic-profile/schema.yaml
/outputs	https://geolabs.github.io/bblocks-generic-profiles/def/outputs	https://gfenoy.github.io/bblocks-generic-profiles/build/annotated/generic-profile/schema.yaml
/outputs/title	http://purl.org/dc/terms/title	https://gfenoy.github.io/bblocks-generic-profiles/build/annotated/generic-profile/schema.yaml
/outputs/description	http://purl.org/dc/terms/description	https://gfenoy.github.io/bblocks-generic-profiles/build/annotated/generic-profile/schema.yaml
/outputs/keywords	https://w3id.org/ogc/api/processes/keywords	https://gfenoy.github.io/bblocks-generic-profiles/build/annotated/generic-profile/schema.yaml
/outputs/metadata	https://w3id.org/ogc/api/processes/metadata	https://gfenoy.github.io/bblocks-generic-profiles/build/annotated/generic-profile/schema.yaml
